server_username,telegram_username
pjdanilov,@p_danilov
smlytkin,@fedmug
avmarkov,@amarkv
eeperepelkin,@pevgeny
dmmironov,@okdimok
dvtimonin,@den_ti
amjagudin,@yagudinamir
nvpavlichenko,@pilot7747
ivhromov,@catbugisback
agsinitsin,@cppython
dvbershatskij,@ChuPika
mkrjabinin,@mryab
aahachijants,@knkeer
rasavchenko,@savrus
kfmuravev,@kirillMouraviev
kziskakov,@karfly
pvhrushkov,@bazpasha
ajcherepkov,@acherepkov
ipharitonov,@ivan_kharitonov
nojusupov,@nikitayusupov
vogorjachko,@vitek2577
rvgorb,@rvg_77
iagolovanov,@legendawes
evglazkova,@catherineglazkova
isprovilkov,@Vprov
sschervontsev,@JanRocketMan
dvtarasov,@denistarasov
dikravtsov,@kravtsov1506
asgerasimov,@gerasartem
raloginov,@logipamar
mvchizhkova,@Marisya_Chizhikova
isfilippov,@PurpleCarrot
avkozinov,@alexKozinov
asvaliullin,@starphoenix
aakarpovich,@alikarpovich
vvvanovskij,@Vovcick
eiblatova,@ekaterina_0001
damitroshin,@DenisMitroshin
mnlepehin,@LepekhinM
madmmatskevich,@chess1812
aapaljuhovich,@Anton_Paliukhovich
nkbagijan,@nbagiyan
gefominskaja,@fominskayage
amgambashidze,@alexgambashidze
dvbershatskij,@ChuPika
donorkin,@nordmtr
iaaltuhov,@ilyaaltukhov
nsbondartsev,@nikitaBondartsev
aaaraslanova,@Anna_Araslanova
anjukirkov,@andreykirkov
nalutsjak,@nikolaylutsyak
eashmavonjan,@saw_a_naga
tagrigorev,@synaps1996
avivanov,@inkln
avdomrachev,@l0ki4
raschedrin,@Arqwer
ampankratov,@tenich
mijagudin,@yagudin
mvrosljakov,@mroslyakov
avbolychev,@bolychevanton
nojusupov,@nikitayusupov
vnkljukin,@vklyukin
sedmivanychev,@ivanychev
ivterentev,@progiv
aaemeljanov,@king_menin
jpnazarov,@ya_firefish
@aashashkin,@AlexanderShashkin
eazabrotsky,@eugenebang
ardmliss,@artli
vggusev,@igusach
miandreev,@mrdro_mrdro
ivselukjanchikov,@Ivanlukyanchikov
anspiridonov,@Penchekrak
alupshinskij,@egiby
aazaharov,@zkh_aleksei
arfalaleev,@sashundikus
rvzhitar,@nonEmpty
szgodzhaev,@HeyGuys478
mnostroukhov,@NRJJJJJJ
misebogomolov,@abgde
msbogomolov,@abgde
avvavilov,@dyuchus
aikuchaev,@aikuchaev
nvpavlichenko,@pilot7747
avmarkov,@amarkv
aavolodkevich,@monkey_head
ommorgunova,@ololowl3
,@q1w2e3r4t5y6u77
,@eandreyf
iagolovanov,@legendawes
nkbagijan,@nbagiyan
kamanukjan,@mrshoco
fominskayage,@fominskayage
etdavletov,@valgger
aademidova,@DemidovaAnastasia
asvaliullin,@starphoenix
anlukojanov,@LiableFish
svkozhevnikov,@themanofsteeel
-,@alexandrayakovleva
artemxx,@artemxx
artemxx,@artemxx
yugilyazev,@yulian_g
,@artyomyusupov
vistrelets,@real_vetto
kkorolev,@kkorolev1
jakoltochenko,@YaRiolu
anmihajlov,@sashamn
pagundarev,@zamaigod
amsilevich,@amsilevich
sapetrov,@PetrovSt
okgorbunova,@elyaishere
jagiljazev,@yulian_g
aaponomarev,@Lexolordan
